name,brand,price,original_price,discount,url,image_url
Princess Siyah Kadın Kol Çanta,Kombinoloji,239.25,478.5,,https://justyol.com/en/products/princess-siyah-kadin-kol-canta,https://cdn.shopify.com/s/files/1/0707/0839/6286/files/princess-siyah-kadin-kol-canta-846-1e.jpg?v=1744899330
Anna Bordo Kadın Büyük Kol Çantası,Kombinoloji,301.95,765.6,,https://justyol.com/en/products/anna-bordo-kadin-buyuk-kol-cantasi,https://cdn.shopify.com/s/files/1/0707/0839/6286/files/anna-bordo-kadin-kol-cantasi-caf3ad.jpg?v=1745057338
"keçe kapakli kutu, dekoratif kutu, salon aksesuari, çalişma odasi düzenleyici mini",Justyol,111.87,283.8,,https://justyol.com/en/products/kece-kapakli-kutu-dekoratif-kutu-salon-aksesuari-calisma-odasi-duzenleyici-mini-1,https://cdn.shopify.com/s/files/1/0707/0839/6286/files/kece-kapakli-kutu-dekoratif-kutu-salon-42-fc7_ab59ee12-2ad6-4bd3-8042-761fe321704d.jpg?v=1744814263
baby bakim çantasi 30x20x21cm,JKids,87.12,221.1,,https://justyol.com/en/products/baby-bakim-cantasi-30x20x21cm-1,https://cdn.shopify.com/s/files/1/0707/0839/6286/files/alas-baby-alt-bakim-cantasi-mavi-5a1-41_1799de1a-8a57-420d-b4b6-225fc84d04c6.jpg?v=1744808016
baby girlyuvarlak torbali oyuncak &amp; kirli sepeti,Justyol,96.03,242.55,,https://justyol.com/en/products/baby-girlyuvarlak-torbali-oyuncak-amp-kirli-sepeti-1,https://cdn.shopify.com/s/files/1/0707/0839/6286/files/baby-girl-pembe-yuvarlak-torbali-oyunc--0301b_aaba896f-f7a1-4b0a-a446-f77f0528385c.jpg?v=1744806369
Simple Siyah Kol Çantası,JWomen,151.8,526.35,,https://justyol.com/en/products/simple-siyah-kol-cantasi-copy,https://cdn.shopify.com/s/files/1/0707/0839/6286/files/simple-siyah-kol-cantasi-53-52e.jpg?v=1741611668
010173 suni deri omuz çantasi,JWomen,85.14,292.05,,https://justyol.com/en/products/010173-suni-deri-omuz-cantasi-1,https://cdn.shopify.com/s/files/1/0707/0839/6286/files/010173-suni-deri-omuz-cantasi-siyah-99666_06646431-d7ac-42a4-a3a0-4bd7808d17ba.jpg?v=1744643837
Doku Detaylı Vizon Büyük Omuz Çantası,JWomen,181.5,495.0,,https://justyol.com/en/products/doku-detayli-vizon-buyuk-omuz-cantasi,https://cdn.shopify.com/s/files/1/0707/0839/6286/files/serit-detayli-vizon-kol-cantasi-5b-328.jpg?v=1744621126
Simple Bordo Kol Çantası,JWomen,250.47,635.25,,https://justyol.com/en/products/simple-bordo-kol-cantasi,https://cdn.shopify.com/s/files/1/0707/0839/6286/files/simple-bordo-kol-cantasi--6a2235.jpg?v=1744619818
Camille Bordo Kol Çantası,JWomen,241.56,651.75,,https://justyol.com/en/products/camille-bordo-kol-cantasi,https://cdn.shopify.com/s/files/1/0707/0839/6286/files/camille-bordo-kol-cantasi--1b65c3.jpg?v=1744458616
Şerit Detaylı Bordo Omuz Çantası,JWomen,284.13,643.5,,https://justyol.com/en/products/serit-detayli-bordo-omuz-cantasi,https://cdn.shopify.com/s/files/1/0707/0839/6286/files/serit-detayli-bordo-kol-cantasi-7616a9.jpg?v=1744458347
Flare Süet Vintage Bordo Kol Çantası,JWomen,251.46,627.0,,https://justyol.com/en/products/flare-suet-vintage-bordo-kol-cantasi,https://cdn.shopify.com/s/files/1/0707/0839/6286/files/velva-suet-vintage-bordo-kol-cantasi-3-66ba.jpg?v=1744457638
Steel Süet Taba Kadın Kol Çantası,JWomen,172.26,622.05,,https://justyol.com/en/products/steel-suet-taba-kadin-kol-cantasi-1,https://cdn.shopify.com/s/files/1/0707/0839/6286/files/steel-taba-kol-cantasi--e3a3-4.jpg?v=1741611685
Flare Süet Vintage Gri Kol Çantası,JWomen,250.47,495.0,,https://justyol.com/en/products/flare-suet-vintage-gri-kol-cantasi,https://cdn.shopify.com/s/files/1/0707/0839/6286/files/roger-suet-vintage-gri-kol-cantasi--85c7.jpg?v=1744456180
Flare Süet Vintage Taba Kol Çantası,JWomen,250.47,495.0,,https://justyol.com/en/products/flare-suet-vintage-taba-kol-cantasi,https://cdn.shopify.com/s/files/1/0707/0839/6286/files/roger-suet-vintage-taba-kol-cantasi--902b.jpg?v=1744455512
keçe kapakli kirli çamaşir sepeti - çok amaçli saklama kutusu 55x40x30 cm mega hurç,Justyol,240.9,364.65,,https://justyol.com/en/products/kece-kapakli-kirli-camasir-sepeti-cok-amacli-saklama-kutusu-55x40x30-cm-mega-hurc-copy,https://cdn.shopify.com/s/files/1/0707/0839/6286/files/kece-kapakli-kirli-camasir-sepeti-cok--9b8d0e.jpg?v=1734099000
Firuye Kanvas Taba Detaylı Kadın Kol Çantası,Kombinoloji,297.0,861.3,,https://justyol.com/en/products/firuye-kanvas-taba-detayli-kadin-kol-cantasi,https://cdn.shopify.com/s/files/1/0707/0839/6286/files/firuye-kanvas-taba-detayli-kadin-kol-c--30317.jpg?v=1744120522
Lorry Bordo Mini Kadın Kol Çantası,Kombinoloji,287.1,861.3,,https://justyol.com/en/products/lorry-bordo-mini-kadin-kol-cantasi,https://cdn.shopify.com/s/files/1/0707/0839/6286/files/lorry-bordo-mini-kadin-kol-cantasi-826e-4.jpg?v=1743304815
Lorry Gri Mini Kadın Kol Çantası,Kombinoloji,287.1,861.3,,https://justyol.com/en/products/lorry-gri-mini-kadin-kol-cantasi,https://cdn.shopify.com/s/files/1/0707/0839/6286/files/lorry-gri-mini-kadin-kol-cantasi-3fde-7.jpg?v=1743304812
Lorry Krem Mini Kadın Kol Çantası,Kombinoloji,287.1,861.3,,https://justyol.com/en/products/lorry-krem-mini-kadin-kol-cantasi,https://cdn.shopify.com/s/files/1/0707/0839/6286/files/lorry-krem-mini-kadin-kol-cantasi-c95cc7.jpg?v=1743283045
Lorry Pudra Mini Kadın Kol Çantası,Kombinoloji,287.1,861.3,,https://justyol.com/en/products/lorry-pudra-mini-kadin-kol-cantasi,https://cdn.shopify.com/s/files/1/0707/0839/6286/files/lorry-pudra-mini-kadin-kol-cantasi-272f01.jpg?v=1743283043
Lorry Taba Mini Kadın Kol Çantası,Kombinoloji,287.1,861.3,,https://justyol.com/en/products/lorry-taba-mini-kadin-kol-cantasi,https://cdn.shopify.com/s/files/1/0707/0839/6286/files/lorry-taba-mini-kadin-kol-cantasi-1f-247.jpg?v=1743283039
Lorry Acı Kahve Mini Kadın Kol Çantası,Kombinoloji,287.1,861.3,,https://justyol.com/en/products/lorry-aci-kahve-mini-kadin-kol-cantasi,https://cdn.shopify.com/s/files/1/0707/0839/6286/files/lorry-aci-kahve-mini-kadin-kol-cantasi-ad5237.jpg?v=1743759058
Lorry Siyah Mini Kadın Kol Çantası,Kombinoloji,287.1,861.3,,https://justyol.com/en/products/lorry-siyah-mini-kadin-kol-cantasi,https://cdn.shopify.com/s/files/1/0707/0839/6286/files/lorry-siyah-mini-kadin-kol-cantasi---cfdeb.jpg?v=1743283034
Melina Kanvas Deri Uyumlu Omuz Çantası,Kombinoloji,301.95,861.3,,https://justyol.com/en/products/melina-kanvas-deri-uyumlu-omuz-cantasi,https://cdn.shopify.com/s/files/1/0707/0839/6286/files/melina-kanvas-deri-uyumlu-omuz-cantasi-73db9d.jpg?v=1743028823
Feline Şerit Detaylı Acı Kahve Kadın Kol Çanta,Kombinoloji,260.7,696.3,,https://justyol.com/en/products/feline-serit-detayli-aci-kahve-kadin-kol-canta,https://cdn.shopify.com/s/files/1/0707/0839/6286/files/feline-serit-detayli-bordo-kadin-kol-c-2b9318.jpg?v=1742832854
Firuye Kanvas Krem Detaylı Kadın Kol Çantası,Kombinoloji,297.0,861.3,,https://justyol.com/en/products/firuye-kanvas-krem-detayli-kadin-kol-cantasi,https://cdn.shopify.com/s/files/1/0707/0839/6286/files/firuye-kanvas-krem-detayli-kadin-kol-c-1-2768.jpg?v=1742669062
Firuye Kanvas Acı Kahve Detaylı Kadın Kol Çantası,Kombinoloji,297.0,861.3,,https://justyol.com/en/products/firuye-kanvas-aci-kahve-detayli-kadin-kol-cantasi,https://cdn.shopify.com/s/files/1/0707/0839/6286/files/firuye-kanvas-aci-kahve-detayli-kadin--8e6-18.jpg?v=1742669059
Firuye Kanvas Bordo Detaylı Kadın Kol Çantası,Kombinoloji,297.0,861.3,,https://justyol.com/en/products/firuye-kanvas-bordo-detayli-kadin-kol-cantasi,https://cdn.shopify.com/s/files/1/0707/0839/6286/files/firuye-kanvas-bordo-detayli-kadin-kol--91f8e1.jpg?v=1742669057
Firuye Kanvas Siyah Detaylı Kadın Kol Çantası,Kombinoloji,297.0,861.3,,https://justyol.com/en/products/firuye-kanvas-siyah-detayli-kadin-kol-cantasi,https://cdn.shopify.com/s/files/1/0707/0839/6286/files/firuye-kanvas-siyah-detayli-kadin-kol--9ac3fc.jpg?v=1742669053
Rosalie Haki Kanvas Deri Uyumlu Kadın Kol Çantası,Kombinoloji,287.1,765.6,,https://justyol.com/en/products/rosalie-haki-kanvas-deri-uyumlu-kadin-kol-cantasi,https://cdn.shopify.com/s/files/1/0707/0839/6286/files/rosalie-haki-kanvas-deri-uyumlu-kadin--b-7b3f.jpg?v=1742647178
Rosalie Kahve Kanvas Deri Uyumlu Kadın Kol Çantası,Kombinoloji,287.1,765.6,,https://justyol.com/en/products/rosalie-kahve-kanvas-deri-uyumlu-kadin-kol-cantasi,https://cdn.shopify.com/s/files/1/0707/0839/6286/files/rosalie-kahve-kanvas-deri-uyumlu-kadin-71f-59.jpg?v=1742647175
Agatha Krem Baget Kadın Çanta,Kombinoloji,191.4,430.65,,https://justyol.com/en/products/agatha-krem-baget-kadin-canta,https://cdn.shopify.com/s/files/1/0707/0839/6286/files/agatha-krem-baget-kadin-canta-a2-42b.jpg?v=1742647173
Agatha Acı Kahve Baget Kadın Çanta,Kombinoloji,191.4,430.65,,https://justyol.com/en/products/agatha-aci-kahve-baget-kadin-canta,https://cdn.shopify.com/s/files/1/0707/0839/6286/files/agatha-aci-kahve-baget-kadin-canta--49e7.jpg?v=1742647170
Agatha Siyah Baget Kadın Çanta,Kombinoloji,191.4,430.65,,https://justyol.com/en/products/agatha-siyah-baget-kadin-canta,https://cdn.shopify.com/s/files/1/0707/0839/6286/files/agatha-siyah-baget-kadin-canta--aff3.jpg?v=1742647167
Agatha Bordo Baget Kadın Çanta,Kombinoloji,191.4,430.65,,https://justyol.com/en/products/agatha-bordo-baget-kadin-canta,https://cdn.shopify.com/s/files/1/0707/0839/6286/files/agatha-bordo-baget-kadin-canta--d-a1b1.jpg?v=1742647165
Julie Acı Kahve Çapraz Kadın Kol Çanta,Kombinoloji,239.25,565.95,,https://justyol.com/en/products/julie-aci-kahve-capraz-kadin-kol-canta,https://cdn.shopify.com/s/files/1/0707/0839/6286/files/julie-aci-kahve-capraz-kadin-kol-canta-6-412e.jpg?v=1742647156
Julie Siyah Çapraz Kadın Kol Çanta,Kombinoloji,262.35,622.05,,https://justyol.com/en/products/julie-siyah-capraz-kadin-kol-canta,https://cdn.shopify.com/s/files/1/0707/0839/6286/files/julie-siyah-capraz-kadin-kol-canta-8-3c6c.jpg?v=1742647153
Bobby Acı Kahve Kadın Omuz Çantası,Kombinoloji,297.0,861.3,,https://justyol.com/en/products/bobby-aci-kahve-kadin-omuz-cantasi,https://cdn.shopify.com/s/files/1/0707/0839/6286/files/bobby-aci-kahve-kadin-omuz-cantasi--15786.jpg?v=1742592629
Bobby Bordo Kadın Omuz Çantası,Kombinoloji,297.0,861.3,,https://justyol.com/en/products/bobby-bordo-kadin-omuz-cantasi,https://cdn.shopify.com/s/files/1/0707/0839/6286/files/bobby-bordo-kadin-omuz-cantasi--ffc59b.jpg?v=1742592626
Timeless Siyah Dokulu Kadın Kol Çantası,Kombinoloji,297.0,622.05,,https://justyol.com/en/products/timeless-siyah-dokulu-kadin-kol-cantasi,https://cdn.shopify.com/s/files/1/0707/0839/6286/files/timeless-siyah-dokulu-kadin-kol-cantas-f9d9d8.jpg?v=1742494340
Bellini Bordo Kadın Kol Çapraz Çantası,Kombinoloji,282.15,622.05,,https://justyol.com/en/products/bellini-bordo-kadin-kol-capraz-cantasi,https://cdn.shopify.com/s/files/1/0707/0839/6286/files/bellini-bordo-kol-cantasi-8-4e6c.jpg?v=1742472429
Denny Siyah Omuz Çantası,Kombinoloji,206.25,478.5,,https://justyol.com/en/products/denny-siyah-omuz-cantasi,https://cdn.shopify.com/s/files/1/0707/0839/6286/files/denny-siyah-omuz-cantasi-f86c-4.jpg?v=1741888336
Rosalie Vizon Kanvas Deri Uyumlu Kadın Kol Çantası,Kombinoloji,287.1,765.6,,https://justyol.com/en/products/rosalie-vizon-kanvas-deri-uyumlu-kadin-kol-cantasi,https://cdn.shopify.com/s/files/1/0707/0839/6286/files/rosalie-vizon-kanvas-deri-uyumlu-kadin-991e0c.jpg?v=1741873906
Asya Taba Gold Toka Detaylı Vintage El ve Omuz Çantası,Kombinoloji,191.4,430.65,,https://justyol.com/en/products/asya-taba-gold-toka-detayli-vintage-el-ve-omuz-cantasi,https://cdn.shopify.com/s/files/1/0707/0839/6286/files/asya-taba-gold-toka-detayli-vintage-el-6-a0c9.jpg?v=1741873894
Asya Vizon Gold Toka Detaylı Vintage El ve Omuz Çantası,Kombinoloji,191.4,430.65,,https://justyol.com/en/products/asya-vizon-gold-toka-detayli-vintage-el-ve-omuz-cantasi,https://cdn.shopify.com/s/files/1/0707/0839/6286/files/asya-vizon-gold-toka-detayli-vintage-e--c895.jpg?v=1741873892
Asya Acı Kahve Gold Toka Detaylı Vintage El ve Omuz Çantası,Kombinoloji,191.4,430.65,,https://justyol.com/en/products/asya-aci-kahve-gold-toka-detayli-vintage-el-ve-omuz-cantasi,https://cdn.shopify.com/s/files/1/0707/0839/6286/files/asya-aci-kahve-gold-toka-detayli-vinta-4-1ebf.jpg?v=1741873889
Asya Bordo Gold Toka Detaylı Vintage El ve Omuz Çantası,Kombinoloji,191.4,430.65,,https://justyol.com/en/products/asya-bordo-gold-toka-detayli-vintage-el-ve-omuz-cantasi,https://cdn.shopify.com/s/files/1/0707/0839/6286/files/asya-bordo-gold-toka-detayli-vintage-e-ce01e0.jpg?v=1741873886
Asya Siyah Gold Toka Detaylı Vintage El ve Omuz Çantası,Kombinoloji,191.4,430.65,,https://justyol.com/en/products/asya-siyah-gold-toka-detayli-vintage-el-ve-omuz-cantasi,https://cdn.shopify.com/s/files/1/0707/0839/6286/files/asya-vintage-siyah-kadin-kol-canta--e58e-b.jpg?v=1741873883
Loren Krem Kadın Baget Çanta,Kombinoloji,254.1,478.5,,https://justyol.com/en/products/loren-krem-kadin-baget-canta,https://cdn.shopify.com/s/files/1/0707/0839/6286/files/loren-krem-kadin-baget-canta--24-45b.jpg?v=1741699760
Krakow Taba Deri Kadın Kol Çantası,Kombinoloji,287.1,478.5,,https://justyol.com/en/products/krakow-taba-deri-kadin-kol-cantasi,https://cdn.shopify.com/s/files/1/0707/0839/6286/files/krakow-taba-deri-kadin-kol-cantasi-e7-950.jpg?v=1741699753
Timeless Acı Kahve Deri Kadın Kol Çantası,Kombinoloji,297.0,622.05,,https://justyol.com/en/products/timeless-aci-kahve-deri-kadin-kol-cantasi,https://cdn.shopify.com/s/files/1/0707/0839/6286/files/timeless-aci-kahve-deri-kadin-kol-cant-f6a-44.jpg?v=1741611713
Monet Siyah Basic Baget Kol Çantası,Kombinoloji,219.45,430.65,,https://justyol.com/en/products/monet-siyah-basic-baget-kol-cantasi,https://cdn.shopify.com/s/files/1/0707/0839/6286/files/monet-siyah-basic-baget-kol-cantasi-99be-4.jpg?v=1741611707
Simple Siyah Kol Çantası,Kombinoloji,254.1,526.35,,https://justyol.com/en/products/simple-siyah-kol-cantasi,https://cdn.shopify.com/s/files/1/0707/0839/6286/files/simple-siyah-kol-cantasi-53-52e.jpg?v=1741611668
Vera Krem Fermuarlı Omuz Çantası,JWomen,143.55,478.45,,https://justyol.com/en/products/vera-krem-fermuarli-omuz-cantasi-1,https://cdn.shopify.com/s/files/1/0707/0839/6286/files/vera-krem-fermuarli-omuz-cantasi-1c212f.jpg?v=1742222129
010172 düz baget omuz çantasi,JWomen,84.15,292.05,,https://justyol.com/en/products/010172-duz-baget-omuz-cantasi-copy,https://cdn.shopify.com/s/files/1/0707/0839/6286/files/010172-duz-baget-omuz-cantasi-bej-99806.jpg?v=1742222147
Simple Acı Kahve Kol Çantası,Kombinoloji,254.1,526.35,,https://justyol.com/en/products/simple-aci-kahve-kol-cantasi,https://cdn.shopify.com/s/files/1/0707/0839/6286/files/simple-aci-kahve-kol-cantasi--f-45d2.jpg?v=1739804616
Robin Siyah Kadın Kol Çantası,Kombinoloji,301.95,765.6,,https://justyol.com/en/products/robin-siyah-kadin-kol-cantasi,https://cdn.shopify.com/s/files/1/0707/0839/6286/files/robin-siyah-kadin-kol-cantasi---4951.jpg?v=1739540550
Elena Acı Kahve Kadın Omuz Çanta,Kombinoloji,287.1,622.05,,https://justyol.com/en/products/elena-aci-kahve-kadin-omuz-canta,https://cdn.shopify.com/s/files/1/0707/0839/6286/files/elena-aci-kahve-kadin-omuz-canta-7b-a37.jpg?v=1739027576
Elena Haki Kadın Omuz Çanta,Kombinoloji,287.1,622.05,,https://justyol.com/en/products/elena-haki-kadin-omuz-canta,https://cdn.shopify.com/s/files/1/0707/0839/6286/files/elena-haki-kadin-omuz-canta-2d85-4.jpg?v=1739027575
Elena Bordo Kadın Omuz Çanta,Kombinoloji,287.1,622.05,,https://justyol.com/en/products/elena-bordo-kadin-omuz-canta,https://cdn.shopify.com/s/files/1/0707/0839/6286/files/elena-bordo-kadin-omuz-canta-9bdd-c.jpg?v=1739027572
Elena Krem Kadın Omuz Çanta,Kombinoloji,287.1,622.05,,https://justyol.com/en/products/elena-krem-kadin-omuz-canta,https://cdn.shopify.com/s/files/1/0707/0839/6286/files/elena-krem-kadin-omuz-canta-1065f2.jpg?v=1739027571
Elena Siyah Kadın Omuz Çanta,Kombinoloji,287.1,622.05,,https://justyol.com/en/products/elena-siyah-kadin-omuz-canta,https://cdn.shopify.com/s/files/1/0707/0839/6286/files/elena-siyah-kadin-omuz-canta--cbbaa6.jpg?v=1739027568
Loren Acı Kahve Kadın Baget Çanta,Kombinoloji,254.1,478.5,,https://justyol.com/en/products/loren-aci-kahve-kadin-baget-canta,https://cdn.shopify.com/s/files/1/0707/0839/6286/files/loren-aci-kahve-kadin-baget-canta-1-b51b.jpg?v=1738867782
Steel Deri Bordo Kadın Kol Çantası,Kombinoloji,297.0,622.05,,https://justyol.com/en/products/steel-deri-bordo-kadin-kol-cantasi,https://cdn.shopify.com/s/files/1/0707/0839/6286/files/steel-deri-bordo-kadin-kol-cantasi-697-9a.jpg?v=1738264713
Loren Taba Kadın Baget Çanta,Kombinoloji,254.1,478.5,,https://justyol.com/en/products/loren-taba-kadin-baget-canta,https://cdn.shopify.com/s/files/1/0707/0839/6286/files/loren-taba-kadin-baget-canta-ea-120.jpg?v=1738264707
Loren Bordo Kadın Baget Çanta,Kombinoloji,254.1,478.5,,https://justyol.com/en/products/loren-bordo-kadin-baget-canta,https://cdn.shopify.com/s/files/1/0707/0839/6286/files/loren-bordo-kadin-baget-canta-5-1e81.jpg?v=1738264702
Ella Siyah Shoulder Bag,Kombinoloji,287.1,861.3,,https://justyol.com/en/products/ella-siyah-shoulder-bag,https://cdn.shopify.com/s/files/1/0707/0839/6286/files/ella-siyah-shoulder-bag---446f.jpg?v=1738248892
Vera Acı Kahve Fermuarlı Omuz Çantası,JWomen,239.25,478.5,,https://justyol.com/en/products/vera-aci-kahve-fermuarli-omuz-cantasi,https://cdn.shopify.com/s/files/1/0707/0839/6286/files/vera-aci-kahve-fermuarli-omuz-cantasi-d179-4.jpg?v=1737705854
Anna Siyah Kadın Kol Çantası,Kombinoloji,301.95,765.6,,https://justyol.com/en/products/anna-siyah-kadin-kol-cantasi,https://cdn.shopify.com/s/files/1/0707/0839/6286/files/anna-siyah-kadin-kol-cantasi-22ee-1.jpg?v=1737146506
Tokyo Ayarlanabilir Askılı Geniş Bölmeli Fermuar Cepli Mıknatıs Kapamalı Kadın Omuz Çantası,Garbalia,211.2,255.75,,https://justyol.com/en/products/tokyo-ayarlanabilir-askili-genis-bolmeli-fermuar-cepli-miknatis-kapamali-kadin-omuz-cantasi,https://cdn.shopify.com/s/files/1/0707/0839/6286/files/1_org_zoom_05c11cf5-375a-4769-8bf5-c48bded48bec.jpg?v=1737124830
City Kanvas&Vintage Uyumlu Siyah Kol Çantası,JWomen,171.6,526.3,,https://justyol.com/en/products/city-kanvas-vintage-uyumlu-siyah-kol-cantasi-copy,https://cdn.shopify.com/s/files/1/0707/0839/6286/files/city-siyah-kanvas-kol-cantasi--b67d85.jpg?v=1742222254
Cecina Özel Desen Ayarlanabilir Askılı Omuz ve Kol Kahverengi Kadın Çantası,Garbalia,191.4,231.0,,https://justyol.com/en/products/cecina-ozel-desen-ayarlanabilir-askili-omuz-ve-kol-kahverengi-kadin-cantasi,https://cdn.shopify.com/s/files/1/0707/0839/6286/files/1_org_zoom_fed74c8a-f835-4c29-9117-c3b39e78df81.jpg?v=1736593089
Oslo Çift Iç Cep Detaylı Dış Fermuar Gözlü Çok Bölmeli Taba Bej Kadın Sırt Çantası,Garbalia,249.15,300.3,,https://justyol.com/en/products/oslo-cift-ic-cep-detayli-dis-fermuar-gozlu-cok-bolmeli-taba-bej-kadin-sirt-cantasi,https://cdn.shopify.com/s/files/1/0707/0839/6286/files/1_org_zoom_72a45963-9a19-420d-9936-fb6e13511654.jpg?v=1736593088
Sofia Mıknatıs Kapamalı Geniş Fermuar Bölmeli Orta Boy Kadın Taba Omuz Kol Çantası,Garbalia,178.2,201.3,,https://justyol.com/en/products/sofia-miknatis-kapamali-genis-fermuar-bolmeli-orta-boy-kadin-taba-omuz-kol-cantasi,https://cdn.shopify.com/s/files/1/0707/0839/6286/files/1_org_zoom_b6f0adf9-9345-44d6-bdd3-2b0b505c5dd7.jpg?v=1736593086
Nairobi Mıknatıs Kapamalı Yavru Kartlıklı Ayarlanabilir Askılı Kadın Taba Omuz Çantası,Garbalia,168.3,201.3,,https://justyol.com/en/products/nairobi-miknatis-kapamali-yavru-kartlikli-ayarlanabilir-askili-kadin-taba-omuz-cantasi,https://cdn.shopify.com/s/files/1/0707/0839/6286/files/1_org_zoom_d58997a1-693f-43c8-8de5-5a9de52ac4cc.jpg?v=1736593085
Sofia Mıknatıs Kapamalı Geniş Fermuar Bölmeli Orta Boy Kadın Omuz Kol Çantası,Garbalia,191.4,231.0,,https://justyol.com/en/products/sofia-miknatis-kapamali-genis-fermuar-bolmeli-orta-boy-kadin-bej-omuz-kol-cantasi,https://cdn.shopify.com/s/files/1/0707/0839/6286/files/1_org_zoom_791a52d0-d7f7-4a94-bb52-b47f906d261c.jpg?v=1736593084
Doha Mıknatıs Kapaklı Geniş İç Bölmeli Ayarlanabilir Askılı Kadın Taba Omuz Çantası,Garbalia,231.0,277.2,,https://justyol.com/en/products/doha-miknatis-kapakli-genis-i̇c-bolmeli-ayarlanabilir-askili-kadin-taba-omuz-cantasi,https://cdn.shopify.com/s/files/1/0707/0839/6286/files/1_org_zoom_39f2f8bc-c54e-448a-bbdb-c7d9a51108ac.jpg?v=1736592916
Verafid Krem Kadın Omuz Çantası,Kombinoloji,166.65,526.35,,https://justyol.com/en/products/verafid-krem-kadin-omuz-cantasi,https://cdn.shopify.com/s/files/1/0707/0839/6286/files/verafid-krem-kadin-omuz-cantasi--2c8fc.jpg?v=1735204805
010171 mini çapraz omuz çantasi,Bigdart,198.0,409.2,,https://justyol.com/en/products/010171-mini-capraz-omuz-cantasi,https://cdn.shopify.com/s/files/1/0707/0839/6286/files/010171-mini-capraz-omuz-cantasi-siyah-98601.jpg?v=1734432417
kadinkapakli baget çanta 010169,Bigdart,155.1,321.75,,https://justyol.com/en/products/kadinkapakli-baget-canta-010169,https://cdn.shopify.com/s/files/1/0707/0839/6286/files/010169-kapakli-baget-canta-siyah-95475.jpg?v=1734539382
armine kadin parlakabiye clutch çanta 010155,Bigdart,226.05,468.6,,https://justyol.com/en/products/armine-kadin-parlakabiye-clutch-canta-010155,https://cdn.shopify.com/s/files/1/0707/0839/6286/files/kadin-parlak-abiye-clutch-canta-010155-siyah-94011.jpg?v=1739967205
Şerit Detaylı Siyah Omuz Çantası,Kombinoloji,301.95,765.6,,https://justyol.com/en/products/serit-detayli-siyah-omuz-cantasi,https://cdn.shopify.com/s/files/1/0707/0839/6286/files/serit-detayli-siyah-kol-cantasi-3-6e76.jpg?v=1733241639
Warner Krem Süet Kadın Kol Çantası,Kombinoloji,166.65,478.5,,https://justyol.com/en/products/warner-krem-suet-kadin-kol-cantasi,https://cdn.shopify.com/s/files/1/0707/0839/6286/files/warner-krem-suet-kol-cantas-5-89af.jpg?v=1733241551
Ella Vizon Shoulder Bag,Kombinoloji,287.1,861.3,,https://justyol.com/en/products/ella-vizon-shoulder-bag,https://cdn.shopify.com/s/files/1/0707/0839/6286/files/ella-vizon-shoulder-bag-42d2-8.jpg?v=1733241418
Liberty Ayarlanabilir Çapraz El Kol Omuz Askılı Fermuarlı Min Yeşili Kadın Mini Çanta,Garbalia,115.5,138.6,,https://justyol.com/en/products/liberty-ayarlanabilir-capraz-el-kol-omuz-askili-fermuarli-min-yesili-kadin-mini-canta,https://cdn.shopify.com/s/files/1/0707/0839/6286/files/1_org_zoom_a827af8b-1393-4431-9661-1dd044666b7e.jpg?v=1732548987
Jules Vizon Omuz Çantası,Kombinoloji,191.4,526.35,,https://justyol.com/en/products/jules-vizon-omuz-cantasi,https://cdn.shopify.com/s/files/1/0707/0839/6286/files/jules-vizon-omuz-cantasi-57d3-3.jpg?v=1730507243
unicornkiz çocuk okul sirt çantasi,DenoKids,226.05,326.7,,https://justyol.com/en/products/unicornkiz-cocuk-okul-sirt-cantasi,https://cdn.shopify.com/s/files/1/0707/0839/6286/files/CFF-24S1-073_Unicorn_Hologram_Kiz_Cocuk_Okul_Sirt_Cantasi_2.jpg?v=1734115392
Jacob Krem Shopper Kol Çantası,Kombinoloji,166.65,287.1,,https://justyol.com/en/products/jacob-krem-shopper-kol-cantasi,https://cdn.shopify.com/s/files/1/0707/0839/6286/files/jacob-krem-gercek-deri-canta-07f9ec.jpg?v=1725533864
keçe kapakli mega çok amaçli kutu çamaşir sepeti eşya saklama kutusu 55x40x30 cm,Faiend,240.9,364.65,,https://justyol.com/en/products/kece-kapakli-mega-cok-amacli-kutu-camasir-sepeti-esya-saklama-kutusu-55x40x30-cm,https://cdn.shopify.com/s/files/1/0707/0839/6286/files/kece-kapakli-mega-cok-amacli-kutu-cama--17aff.jpg?v=1734099009
keçe kapakli mega kutu çamaşir kutusu oyuncak sepeti organizer düzenleyici,Faiend,240.9,364.65,,https://justyol.com/en/products/kece-kapakli-mega-kutu-camasir-kutusu-oyuncak-sepeti-organizer-duzenleyici,https://cdn.shopify.com/s/files/1/0707/0839/6286/files/kece-kapakli-mega-kutu-camasir-kutusu---455d.jpg?v=1734099007
"keçe kapakli kutu, dekoratif kutu, salon aksesuari, çalişma odasi düzenleyici mini",Faiend,186.45,283.8,,https://justyol.com/en/products/kece-kapakli-kutu-dekoratif-kutu-salon-aksesuari-calisma-odasi-duzenleyici-mini,https://cdn.shopify.com/s/files/1/0707/0839/6286/files/kece-kapakli-kutu-dekoratif-kutu-salon-bf-f8a.jpg?v=1734099005
keçe kapakli kirli çamaşir sepeti - çok amaçli saklama kutusu 55x40x30 cm mega hurç,Faiend,240.9,364.65,,https://justyol.com/en/products/kece-kapakli-kirli-camasir-sepeti-cok-amacli-saklama-kutusu-55x40x30-cm-mega-hurc,https://cdn.shopify.com/s/files/1/0707/0839/6286/files/kece-kapakli-kirli-camasir-sepeti-cok--7b6047.jpg?v=1734099000
baby girlyuvarlak torbali oyuncak &amp; kirli sepeti,Faiend,160.05,242.55,,https://justyol.com/en/products/baby-girlyuvarlak-torbali-oyuncak-amp-kirli-sepeti,https://cdn.shopify.com/s/files/1/0707/0839/6286/files/baby-girl-pembe-yuvarlak-torbali-oyunc--0301b.jpg?v=1734098996
yatak örtüsü çeyizlik kutusu,Faiend,466.95,707.85,,https://justyol.com/en/products/yatak-ortusu-ceyizlik-kutusu,https://cdn.shopify.com/s/files/1/0707/0839/6286/files/yatak-ortusu-ceyizlik-kutusu-027-40.jpg?v=1734098978
010176 armine baskili çanta,Bigdart,367.95,760.65,,https://justyol.com/en/products/010176-armine-baskili-canta,https://cdn.shopify.com/s/files/1/0707/0839/6286/files/010176-armine-baskili-canta-siyah-99694.jpg?v=1742039120
010172 düz baget omuz çantasi,Bigdart,141.9,292.05,,https://justyol.com/en/products/010172-duz-baget-omuz-cantasi,https://cdn.shopify.com/s/files/1/0707/0839/6286/files/010172-duz-baget-omuz-cantasi-siyah-99645.jpg?v=1740049556
010175 armine mini omuz çantasi,Bigdart,169.95,351.45,,https://justyol.com/en/products/010175-armine-mini-omuz-cantasi,https://cdn.shopify.com/s/files/1/0707/0839/6286/files/010175-armine-mini-omuz-cantasi-bordo-99551_e892db92-7872-4e11-8687-89083534a780.jpg?v=1742039796
kadindüz baget çanta 010167,Bigdart,141.9,292.05,,https://justyol.com/en/products/kadinduz-baget-canta-010167,https://cdn.shopify.com/s/files/1/0707/0839/6286/files/010167-duz-baget-canta-siyah-94149.jpg?v=1742210611
armine kadinaskili mini tote çanta 010164,Bigdart,141.9,292.05,,https://justyol.com/en/products/armine-kadinaskili-mini-tote-canta-010164,https://cdn.shopify.com/s/files/1/0707/0839/6286/files/010164-askili-mini-tote-canta-siyah-94118.jpg?v=1742210659
